<?xml version="1.0" encoding="UTF-8" standalone="no"?>
<portfolio>
              
  
  
  
  
  
  <portfolioName>asd</portfolioName>
              
  
  
  
  
  
  <stocks>
                        
    
    
    
    
    <stock>
                                    
      
      
      
      
      <ticker>GOOG</ticker>
                                    
      
      
      
      
      <date>2024-01-02</date>
                                    
      
      
      
      
      <close-price>139.56</close-price>
                                    
      
      
      
      
      <Amount-of-stock>2.0</Amount-of-stock>
                                  
    
    
    
    
    </stock>
                      
    
    
    
    
    <stock>
                              
      
      
      
      <ticker>META</ticker>
                              
      
      
      
      <date>2024-02-01</date>
                              
      
      
      
      <close-price>394.78</close-price>
                              
      
      
      
      <Amount-of-stock>1.0</Amount-of-stock>
                            
    
    
    
    </stock>
                  
    
    
    
    <stock>
                        
      
      
      <ticker>GOOG</ticker>
                        
      
      
      <date>2024-03-01</date>
                        
      
      
      <close-price>138.08</close-price>
                        
      
      
      <Amount-of-stock>1.0</Amount-of-stock>
                      
    
    
    </stock>
              
    
    
    <stock>
                  
      
      <ticker>GOOG</ticker>
                  
      
      <date>2024-04-01</date>
                  
      
      <close-price>156.5</close-price>
                  
      
      <Amount-of-stock>3.0</Amount-of-stock>
                
    
    </stock>
          
    
    <stock>
            
      <ticker>GOOG</ticker>
            
      <date>2024-05-01</date>
            
      <close-price>165.57</close-price>
            
      <Amount-of-stock>2.0</Amount-of-stock>
          
    </stock>
      
    <stock>
      <ticker>GOOG</ticker>
      <date>2024-06-03</date>
      <close-price>174.42</close-price>
      <Amount-of-stock>3.0</Amount-of-stock>
    </stock>
  </stocks>
            





</portfolio>
