<?xml version="1.0" encoding="UTF-8" standalone="no"?>
<portfolio>
            
  
  
  
  
  <portfolioName>secret-folder</portfolioName>
            
  
  
  
  
  <stocks>
                    
    
    
    
    <stock>
                              
      
      
      
      <ticker>GOOG</ticker>
                              
      
      
      
      <date>2024-06-06</date>
                              
      
      
      
      <close-price>178.35</close-price>
                              
      
      
      
      <Amount-of-stock>6.0</Amount-of-stock>
                            
    
    
    
    </stock>
                  
    
    
    
    <stock>
                        
      
      
      <ticker>META</ticker>
                        
      
      
      <date>2024-06-06</date>
                        
      
      
      <close-price>493.76</close-price>
                        
      
      
      <Amount-of-stock>5.0</Amount-of-stock>
                      
    
    
    </stock>
              
    
    
    <stock>
                  
      
      <ticker>MMM</ticker>
                  
      
      <date>2024-06-06</date>
                  
      
      <close-price>98.22</close-price>
                  
      
      <Amount-of-stock>2.0</Amount-of-stock>
                
    
    </stock>
          
    
    <stock>
            
      <ticker>GOOG</ticker>
            
      <date>2024-05-31</date>
            
      <close-price>173.96</close-price>
            
      <Amount-of-stock>7.0</Amount-of-stock>
          
    </stock>
      
    <stock>
      <ticker>GOOG</ticker>
      <date>2024-03-19</date>
      <close-price>147.92</close-price>
      <Amount-of-stock>2.0</Amount-of-stock>
    </stock>
  </stocks>
          




</portfolio>
